{
    "baseline": {
        "accuracy": {
            "top1_acc": 88.4,
            "top5_acc": 99.2
        },
        "per_class_accuracy": {
            "clock": 97.0,
            "keyboard": 91.0,
            "lamp": 93.0,
            "telephone": 76.0,
            "television": 94.0,
            "bed": 88.0,
            "chair": 89.0,
            "couch": 73.0,
            "table": 88.0,
            "wardrobe": 95.0
        },
        "timing": {
            "cpu": {
                "total_time_ms": 705.6713104248047,
                "avg_time_ms": 7.056713104248047,
                "fps": 141.70903439421582
            },
            "cuda": {
                "total_time_ms": 666.9430732727051,
                "avg_time_ms": 6.669430732727051,
                "fps": 149.9378342881615
            }
        },
        "size": {
            "total_params": 1528106,
            "trainable_params": 1528106,
            "model_size_bytes": 6246341,
            "model_size_mb": 5.956974983215332
        },
        "memory": {
            "peak_memory_mb": null,
            "allocated_memory_mb": null
        }
    },
    "optimized": {
        "accuracy": {
            "top1_acc": 75.4,
            "top5_acc": 96.9
        },
        "per_class_accuracy": {
            "clock": 79.0,
            "keyboard": 85.0,
            "lamp": 85.0,
            "telephone": 72.0,
            "television": 76.0,
            "bed": 66.0,
            "chair": 87.0,
            "couch": 57.0,
            "table": 68.0,
            "wardrobe": 81.0
        },
        "timing": {
            "cpu": {
                "total_time_ms": 469.7554111480713,
                "avg_time_ms": 4.697554111480713,
                "fps": 212.87673888758903
            },
            "cuda": {}
        },
        "size": {
            "total_params": 40,
            "trainable_params": 40,
            "model_size_bytes": 1844901,
            "model_size_mb": 1.759434700012207
        },
        "memory": {
            "peak_memory_mb": null,
            "allocated_memory_mb": null
        }
    },
    "improvements": {
        "size_reduction": 0.704642926154688,
        "params_reduction": 0.9999738238054167,
        "inference": {
            "cpu": {
                "speedup": 1.5022100728976393,
                "reduction": 0.3343141428474897
            }
        },
        "accuracy_change": -0.13,
        "memory_reduction": null
    }
}