{
    "epoch": [
        1,
        2,
        3,
        4,
        5,
        6,
        7,
        8,
        9,
        10,
        11,
        12,
        13,
        14,
        15,
        16,
        17,
        18,
        19,
        20,
        21,
        22,
        23,
        24,
        25,
        26,
        27,
        28,
        29,
        30,
        31,
        32,
        33,
        34,
        35,
        36,
        37,
        38,
        39,
        40,
        41,
        42,
        43,
        44,
        45,
        46,
        47,
        48,
        49,
        50,
        51,
        52,
        53,
        54,
        55,
        56,
        57,
        58
    ],
    "train_loss": [
        1.6679073497772217,
        0.8202640663146973,
        0.5748052658081054,
        0.4150569882392883,
        0.3080294207572937,
        0.26067798478603366,
        0.2047541603088379,
        0.15790348645448685,
        0.12377214913368226,
        0.11255740478634835,
        2.5521160243988037,
        1.8490914093017579,
        1.57455361328125,
        1.37047008228302,
        1.2516342581748963,
        1.135347301006317,
        1.2153777786254882,
        0.9971311510086059,
        0.8760288665771484,
        0.7773869281768799,
        0.7371967084884643,
        0.6594404848098755,
        0.6066208616614341,
        0.588890637588501,
        0.5744791005134583,
        0.5281685567855835,
        0.5120493923664093,
        0.4769986410140991,
        0.4402786907196045,
        0.44757152519226073,
        0.4308469919204712,
        0.37313546044826507,
        0.36643732414245606,
        0.33922982444763183,
        0.3237642176151276,
        0.29489343705177307,
        0.29503231678009034,
        0.2706719578653574,
        0.2590396096229553,
        0.2415638999938965,
        0.24943759577274321,
        0.24161977291107178,
        0.22693838058710097,
        0.24676745002269745,
        0.2108739054083824,
        0.2344990159511566,
        0.1881751266181469,
        0.17655324194431304,
        0.17028417679145932,
        0.17376467817276717,
        0.1637466386988759,
        0.1659702157020569,
        0.19449644775390626,
        0.17192432178258896,
        0.1674808645389974,
        0.16352694296836853,
        0.15484178327843548,
        0.14267606621533632
    ],
    "train_accuracy": [
        51.56,
        72.34,
        80.3,
        85.64,
        89.82,
        91.44,
        93.38,
        94.62,
        96.1,
        96.42,
        24.18,
        35.54,
        45.2,
        51.94,
        57.98,
        60.1,
        58.36,
        65.58,
        70.08,
        72.82,
        75.06,
        77.04,
        79.68,
        79.64,
        80.16,
        81.92,
        82.66,
        83.22,
        84.88,
        84.3,
        84.6,
        87.26,
        87.18,
        88.4,
        88.6,
        89.66,
        89.64,
        90.64,
        90.52,
        91.6,
        91.26,
        91.28,
        92.16,
        91.46,
        92.96,
        92.0,
        93.9,
        93.52,
        94.06,
        94.22,
        94.28,
        93.96,
        93.36,
        94.22,
        94.22,
        94.34,
        94.58,
        95.32
    ],
    "test_loss": [
        1.2276315093040466,
        0.8279384598135948,
        0.6533045396208763,
        0.55496945977211,
        0.518690288066864,
        0.5040164068341255,
        0.431851826608181,
        0.42000237852334976,
        0.4142425209283829,
        0.4236886687576771,
        4.936004340648651,
        2.635852634906769,
        2.304852247238159,
        2.0903419256210327,
        2.383573442697525,
        1.3991238176822662,
        1.0822639912366867,
        0.9698654040694237,
        0.9305430427193642,
        0.9019804298877716,
        0.7976115047931671,
        0.8372815847396851,
        0.8180027008056641,
        0.8605287969112396,
        0.7902094349265099,
        0.7852473706007004,
        0.780312716960907,
        0.716580294072628,
        0.7667138278484344,
        0.8210598677396774,
        0.8317819833755493,
        0.9025365263223648,
        0.8683402091264725,
        0.8598727956414223,
        0.847251407802105,
        0.8189870119094849,
        0.8717219159007072,
        0.9004694223403931,
        0.8542033955454826,
        0.9783734232187271,
        1.000884734094143,
        0.9081124514341354,
        0.9058653116226196,
        0.813958927989006,
        0.9433432966470718,
        0.8624521270394325,
        1.0251401141285896,
        0.9467287436127663,
        0.9985469207167625,
        0.9083243012428284,
        1.1533547341823578,
        1.1118054538965225,
        1.0570493787527084,
        1.1356777995824814,
        0.9912523180246353,
        1.0588889494538307,
        1.0707184448838234,
        0.957760214805603
    ],
    "test_accuracy": [
        57.4,
        71.6,
        77.3,
        81.7,
        82.5,
        82.6,
        85.8,
        86.4,
        86.0,
        86.4,
        10.1,
        19.2,
        25.7,
        33.6,
        34.7,
        51.9,
        62.7,
        67.0,
        68.9,
        69.4,
        73.5,
        71.8,
        72.8,
        73.1,
        74.5,
        75.2,
        75.2,
        77.8,
        78.4,
        75.8,
        75.3,
        73.5,
        73.4,
        76.2,
        75.9,
        76.6,
        75.7,
        77.9,
        76.3,
        76.4,
        76.8,
        74.9,
        77.6,
        79.2,
        77.1,
        76.2,
        75.9,
        77.3,
        78.4,
        78.3,
        76.1,
        75.9,
        76.3,
        75.6,
        75.9,
        76.6,
        76.6,
        76.9
    ],
    "epoch_time": [
        13.30961012840271,
        11.414921522140503,
        12.57318377494812,
        11.81697678565979,
        12.336878776550293,
        12.486526727676392,
        11.67137861251831,
        11.953958749771118,
        11.5702965259552,
        12.466801643371582,
        16.547836303710938,
        15.642143726348877,
        16.26384162902832,
        15.775384902954102,
        16.31053328514099,
        16.00151562690735,
        16.187146425247192,
        17.20060968399048,
        16.392529249191284,
        17.02624011039734,
        15.959060430526733,
        16.83230471611023,
        15.75169849395752,
        16.381841897964478,
        16.385703563690186,
        16.583033084869385,
        15.863476037979126,
        17.703479528427124,
        16.24968457221985,
        17.396044492721558,
        16.523239135742188,
        16.584362506866455,
        16.09109592437744,
        16.614380359649658,
        16.69846749305725,
        16.60733461380005,
        17.168850898742676,
        16.43596601486206,
        18.14634084701538,
        15.70113229751587,
        17.154728651046753,
        17.50046133995056,
        17.814879179000854,
        18.100975513458252,
        18.35785484313965,
        16.822956562042236,
        17.06182050704956,
        17.49160647392273,
        16.997938632965088,
        18.236233234405518,
        17.26856303215027,
        18.0531325340271,
        17.31579566001892,
        17.80039381980896,
        17.048983812332153,
        16.97246789932251,
        17.8121600151062,
        17.086029767990112
    ],