{
    "epoch": [
        1,
        2,
        3,
        4,
        5,
        6,
        7,
        8,
        9,
        10,
        11,
        12,
        13,
        14,
        15,
        16,
        17,
        18,
        19,
        20,
        21,
        22,
        23,
        24,
        25,
        26,
        27,
        28,
        29,
        30,
        31,
        32,
        33,
        34,
        35,
        36,
        37,
        38,
        39,
        40,
        41,
        42,
        43,
        44,
        45,
        46,
        47,
        48,
        49,
        50,
        51,
        52,
        53,
        54,
        55,
        56,
        57,
        58,
        59,
        60,
        61
    ],
    "train_loss": [
        1.7037525003433227,
        0.853672315979004,
        0.5940137036323547,
        0.45052688102722166,
        0.3478631567955017,
        0.27435654306411744,
        0.22316012744903566,
        0.1776454917907715,
        0.1473850296974182,
        0.1139068754762411,
        2.3225464019775393,
        1.5878673088073731,
        1.450145133972168,
        1.3075447896957397,
        1.164243158340454,
        1.0453154209136963,
        1.2201786945343018,
        1.0645777124404907,
        0.9828790811538697,
        0.8931600822448731,
        0.8504847459793091,
        0.8167847218036651,
        0.7242738676071167,
        0.6699659321784973,
        0.6068799412727356,
        0.6453476146697998,
        0.6454431164741516,
        0.599301158452034,
        0.5808804374933243,
        0.6006670760154724,
        0.5516371301651001,
        0.5353475163459778,
        0.5106834115982055,
        0.5050230787277221,
        0.46053302211761477,
        0.45117140216827395,
        0.4292820152282715,
        0.43175884613990784,
        0.40532508534789086,
        0.4055883420944214,
        0.3920089304447174,
        0.3747999816894531,
        0.328895716381073,
        0.3030331979751587,
        0.3090484813690186,
        0.30629173583984376,
        0.26846752571463584,
        0.26952120254039763,
        0.2505605721950531,
        0.23897231063842772,
        0.25818713455200193,
        0.22865290126800536,
        0.24856970937252046,
        0.23213389701843262,
        0.20411108367443084,
        0.19254199318885803,
        0.19654542269706726,
        0.16216986069083214,
        0.14807974348068237,
        0.1458655510902405,
        0.13003325974345206
    ],
    "train_accuracy": [
        48.22,
        71.72,
        79.12,
        84.82,
        88.3,
        90.56,
        92.36,
        94.14,
        95.14,
        96.32,
        31.52,
        45.14,
        49.66,
        55.34,
        59.62,
        63.24,
        58.08,
        63.62,
        66.4,
        69.12,
        70.82,
        71.96,
        75.44,
        76.28,
        79.38,
        77.34,
        77.34,
        78.88,
        79.92,
        79.02,
        80.74,
        81.66,
        82.28,
        82.88,
        83.88,
        84.42,
        85.42,
        85.06,
        86.24,
        85.92,
        86.9,
        86.7,
        88.4,
        89.48,
        89.78,
        89.44,
        90.44,
        90.58,
        90.98,
        91.26,
        91.12,
        91.98,
        91.58,
        91.98,
        93.18,
        93.54,
        93.0,
        94.38,
        94.82,
        94.66,
        95.52
    ],
    "test_loss": [
        1.1739019006490707,
        0.836302325129509,
        0.6866220533847809,
        0.5719969719648361,
        0.4920988194644451,
        0.4728705622255802,
        0.4524678625166416,
        0.4482840932905674,
        0.4627426974475384,
        0.4675198420882225,
        2.6735495924949646,
        2.411056637763977,
        2.1149905920028687,
        1.7994406074285507,
        1.632210150361061,
        1.4131079465150833,
        1.1172579228878021,
        1.0847834348678589,
        1.016053982079029,
        0.9462206661701202,
        0.978987917304039,
        0.8894558548927307,
        0.9330117851495743,
        0.9362084865570068,
        0.8827445805072784,
        1.2412259429693222,
        1.0037509426474571,
        0.8827347159385681,
        0.9247699528932571,
        0.9235794171690941,
        1.0606725811958313,
        0.9004232659935951,
        0.9360723420977592,
        0.8893017694354057,
        0.8556030243635178,
        0.8652471378445625,
        0.8806157857179642,
        0.96868035197258,
        0.9484655261039734,
        0.9995516687631607,
        0.985103540122509,
        1.0127431154251099,
        0.9893008321523666,
        1.0628794059157372,
        1.0281331464648247,
        1.0639562234282494,
        1.0327974036335945,
        1.0744971632957458,
        1.0083865150809288,
        1.2068062126636505,
        1.1260933876037598,
        1.092800721526146,
        1.1555666029453278,
        1.0865820050239563,
        1.1055403128266335,
        1.224194772541523,
        1.1521641314029694,
        1.2362243309617043,
        1.308022677898407,
        1.2484326884150505,
        1.3279962539672852
    ],
    "test_accuracy": [
        59.1,
        70.9,
        75.9,
        81.5,
        84.1,
        84.2,
        85.0,
        85.9,
        85.7,
        85.1,
        15.2,
        21.9,
        31.6,
        38.5,
        45.4,
        52.2,
        61.9,
        63.7,
        64.8,
        67.9,
        67.5,
        69.9,
        68.3,
        70.9,
        70.4,
        61.8,
        68.2,
        70.9,
        70.1,
        71.6,
        67.8,
        72.6,
        69.5,
        74.6,
        74.1,
        74.0,
        74.2,
        72.2,
        71.4,
        70.2,
        72.2,
        72.8,
        72.8,
        73.4,
        73.0,
        72.2,
        75.6,
        73.1,
        73.9,
        72.9,
        71.9,
        74.0,
        71.8,
        73.2,
        74.1,
        74.1,
        72.7,
        73.8,
        72.3,
        74.0,
        73.7
    ],
    "epoch_time": [
        13.6394624710083,
        13.423115491867065,
        13.513681411743164,
        12.45540452003479,
        13.227160215377808,
        12.60811734199524,
        13.597050189971924,
        12.619051933288574,
        13.410977840423584,
        12.785982847213745,
        17.67533040046692,
        17.26597309112549,
        17.796663284301758,
        17.11180543899536,
        17.86233615875244,
        17.5709547996521,
        17.584201335906982,
        17.312175989151,
        17.94974684715271,
        17.155791997909546,
        17.01901412010193,
        17.963266134262085,
        17.18616271018982,
        17.635762453079224,
        16.930533409118652,
        17.46159601211548,
        16.67547917366028,
        17.839444637298584,
        16.885871648788452,
        18.060672760009766,
        16.596708297729492,
        16.44594144821167,
        16.443777322769165,
        16.612799167633057,
        17.59904670715332,
        17.646268844604492,
        18.226555347442627,
        17.775354385375977,
        18.104875087738037,
        17.17409610748291,
        17.537670850753784,
        18.181089639663696,
        17.389928579330444,
        17.969606399536133,
        17.21116542816162,
        17.810622930526733,
        17.21245574951172,
        17.815099954605103,
        17.27817678451538,
        17.406121015548706,
        17.849919080734253,
        17.361843585968018,
        17.955108165740967,
        17.19831871986389,
        17.979995012283325,
        17.165659427642822,
        18.063265562057495,
        17.07392382621765,
        17.040165901184082,
        17.967475652694702,
        17.145271062850952
    ],