{
    "baseline": {
        "accuracy": {
            "top1_acc": 88.4,
            "top5_acc": 99.2
        },
        "per_class_accuracy": {
            "clock": 97.0,
            "keyboard": 91.0,
            "lamp": 93.0,
            "telephone": 76.0,
            "television": 94.0,
            "bed": 88.0,
            "chair": 89.0,
            "couch": 73.0,
            "table": 88.0,
            "wardrobe": 95.0
        },
        "timing": {
            "cpu": {
                "total_time_ms": 734.968900680542,
                "avg_time_ms": 7.34968900680542,
                "fps": 136.0601787468903
            },
            "cuda": {
                "total_time_ms": 524.0800380706787,
                "avg_time_ms": 5.240800380706787,
                "fps": 190.8105494117556
            }
        },
        "size": {
            "total_params": 1528106,
            "trainable_params": 1528106,
            "model_size_bytes": 6246341,
            "model_size_mb": 5.956974983215332
        },
        "memory": {
            "peak_memory_mb": null,
            "allocated_memory_mb": null
        }
    },
    "optimized": {
        "accuracy": {
            "top1_acc": 88.4,
            "top5_acc": 99.2
        },
        "per_class_accuracy": {
            "clock": 97.0,
            "keyboard": 91.0,
            "lamp": 93.0,
            "telephone": 76.0,
            "television": 94.0,
            "bed": 88.0,
            "chair": 89.0,
            "couch": 73.0,
            "table": 88.0,
            "wardrobe": 95.0
        },
        "timing": {
            "cpu": {
                "total_time_ms": 813.9126300811768,
                "avg_time_ms": 8.139126300811768,
                "fps": 122.8633102671307
            },
            "cuda": {}
        },
        "size": {
            "total_params": 927008,
            "trainable_params": 927008,
            "model_size_bytes": 4447753,
            "model_size_mb": 4.241707801818848
        },
        "memory": {
            "peak_memory_mb": null,
            "allocated_memory_mb": null
        }
    },
    "improvements": {
        "size_reduction": 0.2879426531468583,
        "params_reduction": 0.39336145529171407,
        "inference": {
            "cpu": {
                "speedup": 0.9030071208100541,
                "reduction": -0.10741097933196508
            }
        },
        "accuracy_change": 0.0,
        "memory_reduction": null
    }
}