{
    "epoch": [
        1,
        2,
        3,
        4,
        5,
        6,
        7,
        8,
        9,
        10,
        11,
        12,
        13,
        14,
        15,
        16,
        17,
        18,
        19,
        20,
        21,
        22,
        23,
        24,
        25,
        26,
        27,
        28,
        29,
        30,
        31,
        32,
        33,
        34,
        35,
        36,
        37,
        38,
        39,
        40,
        41,
        42,
        43,
        44,
        45,
        46,
        47,
        48,
        49,
        50,
        51,
        52,
        53,
        54,
        55,
        56,
        57,
        58,
        59,
        60,
        61,
        62,
        63,
        64,
        65,
        66,
        67,
        68,
        69,
        70,
        71,
        72,
        73,
        74,
        75,
        76,
        77,
        78,
        79,
        80,
        81,
        82,
        83,
        84,
        85,
        86,
        87,
        88,
        89,
        90,
        91,
        92,
        93,
        94,
        95,
        96
    ],
    "train_loss": [
        20.968660931396485,
        20.249762350463868,
        19.321412603759764,
        18.52557127380371,
        17.870611917114257,
        17.54473053894043,
        17.124458984375,
        16.59794577026367,
        16.145735195922853,
        15.902856677246094,
        15.527972546386719,
        15.059733209228515,
        14.779000219726562,
        14.525899031066894,
        14.20200079650879,
        13.931278338623047,
        13.755538591003418,
        13.533422512817383,
        13.455089163208008,
        13.049584371948242,
        12.699298052978516,
        12.543648545837403,
        12.370451216125488,
        12.143892120361327,
        12.001720822143554,
        11.6267501953125,
        11.390997171020508,
        11.212037925720216,
        11.034810809326173,
        10.871469671630859,
        10.65826294555664,
        10.630650245666503,
        10.176182354736328,
        10.040310151672363,
        9.739131072998047,
        9.50942363433838,
        9.383080880737305,
        9.317955001831054,
        9.090863481140136,
        8.813484065246582,
        8.647725465393066,
        8.610347068786622,
        8.31676823425293,
        8.233025173950196,
        8.166053224182129,
        7.944009655761719,
        7.80342686920166,
        7.712650297546387,
        7.578507374572754,
        7.57492056427002,
        7.28188498840332,
        7.311485472106933,
        7.148539440917968,
        7.1636797637939456,
        7.000754258728027,
        6.743990180969238,
        6.688286348724366,
        6.599582252502441,
        6.507124505615234,
        6.495579150390625,
        6.388664183044433,
        6.081200881195068,
        6.128388209533691,
        6.019236145019531,
        5.994476815795898,
        5.8926375915527345,
        5.934983996582031,
        5.751241934204102,
        5.584127622985839,
        5.565723075866699,
        5.568674391174317,
        5.424245310974121,
        5.419437629699707,
        5.245260913085938,
        5.130815621948242,
        5.206202020263672,
        5.193317840576172,
        5.123541555786133,
        4.932736248016357,
        4.946862913513184,
        4.908523634338379,
        4.874590824890137,
        4.721794738769531,
        4.603594677734375,
        4.697608963012695,
        4.533860063171387,
        4.538390516662598,
        4.444874337768555,
        4.36919866027832,
        4.362773120117187,
        4.348600248718261,
        4.236460333251953,
        4.282735382080078,
        4.089512309265137,
        4.236885899353028,
        4.059926338195801
    ],
    "train_accuracy": [
        13.86,
        20.18,
        23.78,
        26.96,
        28.72,
        30.42,
        31.98,
        33.46,
        35.42,
        36.42,
        37.68,
        39.62,
        40.22,
        40.94,
        41.9,
        42.7,
        42.68,
        44.22,
        44.62,
        45.68,
        46.74,
        47.7,
        47.74,
        50.0,
        50.42,
        51.98,
        52.02,
        53.42,
        54.26,
        54.84,
        56.26,
        55.04,
        57.52,
        58.46,
        58.12,
        60.56,
        60.46,
        60.5,
        62.12,
        62.68,
        63.6,
        62.76,
        64.1,
        65.06,
        66.62,
        65.8,
        66.5,
        67.02,
        68.36,
        68.54,
        68.36,
        69.3,
        69.4,
        69.12,
        70.2,
        71.22,
        71.68,
        71.74,
        71.8,
        72.18,
        72.2,
        73.2,
        73.84,
        74.06,
        74.3,
        74.88,
        74.52,
        74.92,
        75.66,
        76.8,
        76.12,
        76.48,
        76.98,
        77.94,
        78.06,
        77.72,
        77.14,
        78.4,
        78.84,
        78.48,
        79.42,
        79.92,
        80.36,
        80.68,
        79.9,
        80.68,
        80.58,
        81.3,
        81.68,
        82.14,
        82.02,
        81.98,
        81.9,
        83.26,
        82.5,
        82.6
    ],
    "test_loss": [
        2.3046762347221375,
        2.312991350889206,
        2.330212742090225,
        2.3469021320343018,
        2.3708536028862,
        2.4084520637989044,
        2.4802306294441223,
        2.58096906542778,
        2.7697177827358246,
        3.0022155344486237,
        3.3101628124713898,
        3.8680165112018585,
        3.9674827456474304,
        4.989298522472382,
        4.9460930824279785,
        4.888184905052185,
        3.47823902964592,
        2.964896857738495,
        2.2743262201547623,
        2.1863570660352707,
        2.183556854724884,
        2.231320232152939,
        2.334835574030876,
        2.494632437825203,
        2.308609664440155,
        2.2229632437229156,
        2.452120006084442,
        2.7921294271945953,
        2.658235549926758,
        2.384997695684433,
        2.3614325523376465,
        2.368231490254402,
        2.3918263912200928,
        2.420413687825203,
        2.612795725464821,
        2.6441867500543594,
        2.542877435684204,
        2.6270947754383087,
        2.2698220759630203,
        2.317851021885872,
        2.502646118402481,
        2.2627126276493073,
        2.2816726863384247,
        2.6447375118732452,
        2.4467953890562057,
        2.2952148616313934,
        2.1814315915107727,
        2.317911610007286,
        2.2033417373895645,
        2.1583660542964935,
        2.235352724790573,
        2.1816833913326263,
        2.1211503595113754,
        2.1826379150152206,
        2.0774022042751312,
        2.2753746807575226,
        2.2197768688201904,
        2.1630281805992126,
        2.381597861647606,
        2.3816687762737274,
        2.1882494688034058,
        2.045288994908333,
        2.0980213433504105,
        2.1557730734348297,
        2.2491001039743423,
        2.1288196742534637,
        2.08778116106987,
        2.14947509765625,
        2.128496155142784,
        2.0313194543123245,
        2.080316811800003,
        2.1229690611362457,
        1.9577577114105225,
        2.193921238183975,
        2.127664089202881,
        2.0867419689893723,
        2.2416588366031647,
        2.1315275579690933,
        2.1136056929826736,
        2.1374220699071884,
        2.140890583395958,
        2.0015912652015686,
        2.095527857542038,
        2.1764595806598663,
        2.0252742171287537,
        1.9435304701328278,
        1.9546033591032028,
        2.081821694970131,
        2.126940757036209,
        2.134386822581291,
        2.059279978275299,
        2.0885479152202606,
        2.074595883488655,
        2.0938306897878647,
        1.9723172187805176,
        2.1129565834999084
    ],