{
    "epoch": [
        1,
        2,
        3,
        4,
        5,
        6,
        7,
        8,
        9,
        10,
        11,
        12,
        13,
        14,
        15,
        16,
        17,
        18,
        19,
        20,
        21,
        22,
        23,
        24,
        25,
        26,
        27,
        28,
        29
    ],
    "train_loss": [
        1.734562412261963,
        0.8529469699859619,
        0.5686908546447754,
        0.4280833477020264,
        0.35532401456832885,
        0.28835132298469546,
        0.24408983097076417,
        0.19462791919708253,
        0.15881191244125367,
        0.12687336225509643,
        0.1125353095471859,
        0.07754715046882629,
        0.06857717571258545,
        0.06908158150017261,
        0.047093439745903014,
        0.05053992955684662,
        0.04241310503482819,
        0.03778500208854675,
        0.03441302514076233,
        0.02604244626313448,
        0.025901489996910096,
        0.022595032489299775,
        0.029808910179138184,
        0.02374165861606598,
        0.01986170752644539,
        0.018852628481388092,
        0.024454071432352065,
        0.016059900122880937,
        0.014715113666653633
    ],
    "train_accuracy": [
        47.28,
        71.9,
        80.12,
        85.7,
        87.78,
        90.1,
        91.72,
        93.8,
        94.92,
        95.9,
        96.3,
        97.5,
        97.94,
        97.7,
        98.4,
        98.32,
        98.46,
        98.92,
        98.8,
        99.32,
        99.12,
        99.22,
        98.98,
        99.32,
        99.52,
        99.46,
        99.26,
        99.5,
        99.48
    ],
    "test_loss": [
        1.1623598635196686,
        0.804896280169487,
        0.6476537883281708,
        0.6142067760229111,
        0.5382798127830029,
        0.5082539431750774,
        0.43104204162955284,
        0.4174814745783806,
        0.4368043951690197,
        0.3817880339920521,
        0.39941250160336494,
        0.3923926241695881,
        0.4243077263236046,
        0.41266636177897453,
        0.4572126045823097,
        0.4570361487567425,
        0.5356053933501244,
        0.5426696240901947,
        0.6465300098061562,
        0.6244798563420773,
        0.5321926921606064,
        0.566825445741415,
        0.5534614846110344,
        0.549006063491106,
        0.6176478937268257,
        0.6344887837767601,
        0.683026634156704,
        0.5900630354881287,
        0.63342210277915
    ],
    "test_accuracy": [
        58.4,
        70.7,
        76.6,
        77.5,
        80.9,
        83.1,
        85.3,
        85.0,
        85.4,
        87.8,
        87.5,
        88.0,
        87.5,
        87.8,
        88.6,
        87.6,
        87.9,
        86.6,
        84.5,
        85.8,
        88.0,
        87.6,
        87.5,
        88.1,
        86.9,
        86.9,
        86.8,
        87.9,
        86.6
    ],
    "sparsity": [
        6.596332175457159e-05,
        0.0,
        0.0,
        0.0,
        0.0,
        0.0,
        0.0,
        0.0,
        0.0,
        0.0,
        0.0,
        0.0,
        0.0,
        0.0,
        7.657879912453479,
        7.657879912453479,
        7.657879912453479,
        7.657879912453479,
        14.48871169674814,
        14.48871169674814,
        14.48871169674814,
        14.48871169674814,
        20.53979105458201,
        20.53979105458201,
        20.53979105458201,
        20.53979105458201,
        25.858347724331363,
        25.858347724331363,
        25.858347724331363
    ],
    "epoch_time": [
        11.806951761245728,
        11.895326375961304,
        11.206546306610107,
        12.248133182525635,
        11.565154552459717,
        11.862673044204712,
        12.283245325088501,
        11.366020202636719,
        12.360572338104248,
        12.69829535484314,
        11.55704641342163,
        12.230963706970215,
        11.455878973007202,
        12.307310581207275,
        12.195633888244629,
        11.518082857131958,
        12.37220048904419,
        11.997226238250732,
        11.890854120254517,
        11.903676748275757,
        11.235761880874634,
        12.22643756866455,
        12.811880111694336,
        11.020426511764526,
        12.202008247375488,
        12.139471530914307,
        11.307716608047485,
        12.031601905822754,
        11.3892662525177
    ],
    "lr": [
        0.00020000823839055795,
        0.00020003295350567562,
        0.00020007414517567244,
        0.00020013181311775638,
        0.00020020595693601758,
        0.0002002965761214344,
        0.00020040367005187774,
        0.00020052723799211195,
        0.00020066727909380262,
        0.0002008237923955226,
        0.00020099677682275646,
        0.0002011862311879116,
        0.00020139215419031926,
        0.00020161454441625353,
        0.00020185340033893225,
        0.0002021087203185317,
        0.00020238050260219624,
        0.0002026687453240538,
        0.00020297344650522294,
        0.00020329460405383182,
        0.00020363221576502957,
        0.0002039862793210001,
        0.00020435679229098298,
        0.00020474375213128636,
        0.00020514715618530528,
        0.0002055670016835381,
        0.00020600328574360994,
        0.0002064560053702891,
        0.00020692515745550713
    ]
}