{
    "epoch": [
        1,
        2,
        3,
        4,
        5,
        6,
        7,
        8,
        9,
        10,
        11,
        12,
        13,
        14,
        15,
        16,
        17,
        18,
        19,
        20,
        21,
        22,
        23,
        24,
        25,
        26,
        27,
        28,
        29,
        30,
        31,
        32,
        33,
        34,
        35,
        36,
        37,
        38,
        39,
        40,
        41,
        42,
        43,
        44,
        45,
        46,
        47,
        48,
        49,
        50,
        51,
        52,
        53,
        54,
        55,
        56,
        57,
        58,
        59,
        60,
        61,
        62,
        63,
        64,
        65,
        66,
        67,
        68,
        69,
        70,
        71,
        72,
        73,
        74,
        75,
        76,
        77
    ],
    "train_loss": [
        2.2546017070770263,
        2.138258955001831,
        2.0201343547821047,
        1.9483115385055543,
        1.889743565940857,
        1.8090670085906981,
        1.756071432876587,
        1.7276000370025635,
        1.671047731781006,
        1.6528756393432618,
        1.6192523105621337,
        1.571723780822754,
        1.5430062320709228,
        1.5191900650024415,
        1.4986467555999756,
        1.4674043781280517,
        1.438528874206543,
        1.4169943977355957,
        1.3823148344039917,
        1.3565231731414795,
        1.3409008430480958,
        1.3063552627563477,
        1.2940322471618653,
        1.286163694000244,
        1.26170547580719,
        1.230689306640625,
        1.217098028564453,
        1.1878005744934081,
        1.1667523609161377,
        1.1499044658660889,
        1.1242735206604004,
        1.107592205810547,
        1.0804555290222169,
        1.078610118675232,
        1.0489590667724609,
        1.0129761165618896,
        1.0151940753936768,
        1.0013758394241332,
        0.9998874244689941,
        0.9635169452667236,
        0.9383230495452881,
        0.9319871925354004,
        0.9204984758377075,
        0.8966920989990235,
        0.8868898319244385,
        0.895459211730957,
        0.859889826965332,
        0.8418479133605957,
        0.8244005828857421,
        0.8266270519256592,
        0.7966992027282714,
        0.7862891193389893,
        0.7697207792282105,
        0.7569183258056641,
        0.7621190662384033,
        0.7420242563247681,
        0.7256338837623596,
        0.7158458633422852,
        0.6920883558273315,
        0.6863612167358398,
        0.6937484840393067,
        0.6816728256225586,
        0.6572486442565918,
        0.6763111095428467,
        0.6336206794738769,
        0.6136375915527343,
        0.6158064836502075,
        0.623946515750885,
        0.5834377632141113,
        0.583439601135254,
        0.5774388637542724,
        0.5734387104988098,
        0.5674826776504517,
        0.5343266269683838,
        0.5408980169296265,
        0.5334061441421509,
        0.5140515075683594
    ],
    "train_accuracy": [
        12.38,
        22.66,
        25.36,
        28.52,
        31.06,
        34.14,
        36.5,
        37.5,
        38.9,
        40.12,
        41.66,
        42.94,
        44.12,
        45.6,
        46.56,
        47.3,
        48.1,
        48.98,
        49.94,
        50.24,
        50.8,
        52.92,
        53.66,
        53.64,
        54.86,
        55.22,
        55.58,
        57.24,
        57.98,
        58.18,
        60.28,
        60.38,
        60.92,
        62.04,
        61.9,
        64.04,
        64.4,
        64.08,
        63.44,
        65.9,
        66.3,
        67.32,
        67.44,
        68.14,
        67.54,
        67.94,
        69.14,
        69.62,
        70.44,
        69.92,
        71.14,
        72.58,
        72.58,
        73.28,
        72.74,
        73.06,
        74.38,
        74.4,
        74.72,
        75.76,
        75.48,
        75.98,
        76.26,
        76.64,
        76.98,
        77.82,
        78.62,
        78.24,
        78.78,
        79.6,
        79.24,
        79.76,
        79.52,
        81.24,
        81.16,
        81.18,
        81.28
    ],
    "test_loss": [
        2.3031981885433197,
        2.3044658303260803,
        2.306132674217224,
        2.308705598115921,
        2.312782496213913,
        2.3215684294700623,
        2.3299606144428253,
        2.3400331139564514,
        2.345787465572357,
        2.3445798456668854,
        2.3345493972301483,
        2.3074264526367188,
        2.3275899589061737,
        2.1957441866397858,
        2.0407520085573196,
        1.9381325542926788,
        1.8300314247608185,
        1.6257178634405136,
        1.510787233710289,
        1.491135522723198,
        1.4317514598369598,
        1.4383600652217865,
        1.3978990614414215,
        1.4684429466724396,
        1.487173080444336,
        1.4340322017669678,
        1.4947230517864227,
        1.4841573387384415,
        1.4114560633897781,
        1.4286306500434875,
        1.424621507525444,
        1.3496833145618439,
        1.40698803961277,
        1.4036517590284348,
        1.3363241106271744,
        1.3624867051839828,
        1.4152633547782898,
        1.3338593542575836,
        1.302041918039322,
        1.3616117089986801,
        1.2912617176771164,
        1.3124732822179794,
        1.2983018606901169,
        1.303349494934082,
        1.3651746809482574,
        1.3155426532030106,
        1.293700248003006,
        1.30266572535038,
        1.2961834967136383,
        1.267593801021576,
        1.3434167206287384,
        1.2922007143497467,
        1.294917345046997,
        1.310844600200653,
        1.3188846111297607,
        1.2623341232538223,
        1.3381173759698868,
        1.3576853722333908,
        1.288230337202549,
        1.3891954123973846,
        1.2908862084150314,
        1.3624402284622192,
        1.3484114110469818,
        1.2996476888656616,
        1.3183072805404663,
        1.3073373436927795,
        1.3656122088432312,
        1.3139876425266266,
        1.3992836773395538,
        1.388885647058487,
        1.3448161780834198,
        1.350381851196289,
        1.3068034201860428,
        1.3795169293880463,
        1.3428891152143478,
        1.3382628411054611,
        1.4112438708543777
    ],
    "test_accuracy": [
        10.0,
        10.0,
        10.0,
        10.0,
        10.0,
        10.0,
        10.0,
        10.0,
        12.5,
        13.5,
        17.8,
        17.3,
        16.2,
        16.4,
        27.3,
        31.0,
        37.8,
        43.7,
        48.1,
        48.7,
        50.2,
        50.8,
        51.5,
        49.8,
        51.8,
        52.8,
        50.5,
        50.8,
        51.8,
        52.0,
        54.5,
        54.4,
        54.2,
        53.4,
        55.4,
        55.7,
        54.2,
        55.2,
        56.2,
        57.3,
        58.1,
        57.9,
        58.2,
        58.2,
        56.7,
        57.8,
        58.1,
        58.3,
        58.4,
        60.1,
        56.8,
        59.0,
        59.2,
        59.6,
        60.2,
        60.5,
        59.6,
        59.1,
        60.6,
        60.0,
        59.2,
        59.9,
        59.1,
        61.7,
        61.3,
        61.2,
        60.3,
        62.7,
        61.2,
        59.4,
        60.7,
        61.6,
        61.8,
        60.4,
        61.6,
        61.5,
        61.2
    ],