{
    "epoch": [
        1,
        2,
        3,
        4,
        5,
        6,
        7,
        8,
        9,
        10,
        11,
        12,
        13,
        14,
        15,
        16,
        17,
        18,
        19,
        20,
        21,
        22,
        23,
        24,
        25,
        26,
        27,
        28,
        29,
        30,
        31,
        32,
        33,
        34,
        35,
        36,
        37,
        38,
        39,
        40,
        41,
        42
    ],
    "train_loss": [
        1.6391005987167357,
        0.850486251449585,
        0.6049047263622284,
        0.4705505206108093,
        0.34306931562423704,
        0.26591246700286864,
        0.21050885632038116,
        0.16464249157905578,
        0.1375887777328491,
        0.09558148612976074,
        0.09087233328819275,
        0.07310852329730988,
        0.054120242651551964,
        0.05123565399646759,
        0.04231631259918213,
        0.04362110161781311,
        0.03670395805835724,
        0.032561577558517456,
        0.032144272066652775,
        0.027853206592798233,
        0.021029213309288024,
        0.016980942079424858,
        0.02440475162267685,
        0.022885663098096847,
        0.01707275099158287,
        0.017095155942440033,
        0.01741991147994995,
        0.01601144883930683,
        0.015906540870666504,
        0.010968101653456687,
        0.019545295616984367,
        0.013461120128631592,
        0.009755621308088302,
        0.009546159052848816,
        0.02028063318133354,
        0.01607490093111992,
        0.012145092689990998,
        0.009663743555545806,
        0.027646741342544554,
        0.014263019323348999,
        0.010696262538433076,
        0.00916944950222969
    ],
    "train_accuracy": [
        52.28,
        71.74,
        78.62,
        83.82,
        88.62,
        90.76,
        92.82,
        94.58,
        95.32,
        96.88,
        97.02,
        97.74,
        98.26,
        98.36,
        98.58,
        98.68,
        98.8,
        99.06,
        99.0,
        99.24,
        99.26,
        99.46,
        99.06,
        99.36,
        99.46,
        99.52,
        99.46,
        99.66,
        99.62,
        99.6,
        99.44,
        99.68,
        99.66,
        99.72,
        99.52,
        99.54,
        99.74,
        99.74,
        99.4,
        99.8,
        99.78,
        99.82
    ],
    "test_loss": [
        1.1567041128873825,
        0.8112060502171516,
        0.6591591760516167,
        0.5439392924308777,
        0.534828681498766,
        0.49220284074544907,
        0.45549070835113525,
        0.49381157010793686,
        0.4635816812515259,
        0.4082682728767395,
        0.48590385541319847,
        0.4191386327147484,
        0.43141280487179756,
        0.4478087052702904,
        0.45406655594706535,
        0.5108463503420353,
        0.4779713861644268,
        0.5181464403867722,
        0.5992845892906189,
        0.5747843720018864,
        0.6027492918074131,
        0.586032073944807,
        0.5632503032684326,
        0.5726984143257141,
        0.5547795109450817,
        0.4798430874943733,
        0.4831530675292015,
        0.5181492306292057,
        0.5160166546702385,
        0.5465140976011753,
        0.4472222775220871,
        0.45772014558315277,
        0.4779517762362957,
        0.5125470198690891,
        0.47624801099300385,
        0.5015044771134853,
        0.45894327759742737,
        0.4610944576561451,
        0.4778265282511711,
        0.4714547209441662,
        0.44386182725429535,
        0.4455888159573078
    ],
    "test_accuracy": [
        59.8,
        72.6,
        76.3,
        81.2,
        81.1,
        82.3,
        83.0,
        83.3,
        84.6,
        86.8,
        85.7,
        88.3,
        87.6,
        87.4,
        88.2,
        87.9,
        87.6,
        86.7,
        85.5,
        87.2,
        86.9,
        87.0,
        88.4,
        88.6,
        88.1,
        88.5,
        88.0,
        88.8,
        88.5,
        87.9,
        88.4,
        88.4,
        88.8,
        88.7,
        88.2,
        87.4,
        88.2,
        88.5,
        86.8,
        88.1,
        88.6,
        87.6
    ],
    "sparsity": [
        0.0,
        0.0,
        0.0,
        0.0,
        0.0,
        0.0,
        0.0,
        0.0,
        0.0,
        0.0,
        0.0,
        0.0,
        0.0,
        0.0,
        10.72101868477052,
        10.72101868477052,
        10.72101868477052,
        10.72101868477052,
        20.284183182783046,
        20.284183182783046,
        20.284183182783046,
        20.284183182783046,
        28.755720669079164,
        28.755720669079164,
        28.755720669079164,
        28.755720669079164,
        36.20166042873521,
        36.20166042873521,
        36.20166042873521,
        36.20166042873521,
        42.688295600114515,
        42.688295600114515,
        42.688295600114515,
        42.688295600114515,
        48.28178739493692,
        48.28178739493692,
        48.28178739493692,
        48.28178739493692,
        53.04816509827875,
        53.04816509827875,
        53.04816509827875,
        53.04816509827875
    ],
    "epoch_time": [
        11.26005220413208,
        11.796408891677856,
        11.800765037536621,
        11.225772380828857,
        12.10279631614685,
        12.439059257507324,
        11.42457389831543,
        12.214264154434204,
        11.609535455703735,
        11.804885625839233,
        12.494596004486084,
        11.893548488616943,
        12.229187250137329,
        12.297978639602661,
        11.717545986175537,
        12.344791650772095,
        11.585081815719604,
        12.66444444656372,
        12.676801204681396,
        12.108654022216797,
        12.557173490524292,
        12.147002935409546,
        12.657698392868042,
        12.737862348556519,
        11.832092046737671,
        12.799925327301025,
        12.159997463226318,
        12.855365991592407,
        12.605188608169556,
        12.028031349182129,
        12.586269617080688,
        12.69648814201355,
        11.967061281204224,
        12.573530912399292,
        12.061967372894287,
        12.705326080322266,
        12.827253580093384,
        11.942403316497803,
        12.157829999923706,
        12.078758001327515,
        12.61638879776001,
        12.601257085800171
    ],
    "lr": [
        0.00020000823839055795,
        0.00020003295350567562,
        0.00020007414517567244,
        0.00020013181311775638,
        0.00020020595693601758,
        0.0002002965761214344,
        0.00020040367005187774,
        0.00020052723799211195,
        0.00020066727909380262,
        0.0002008237923955226,
        0.00020099677682275646,
        0.0002011862311879116,
        0.00020139215419031926,
        0.00020161454441625353,
        0.00020185340033893225,
        0.0002021087203185317,
        0.00020238050260219624,
        0.0002026687453240538,
        0.00020297344650522294,
        0.00020329460405383182,
        0.00020363221576502957,
        0.0002039862793210001,
        0.00020435679229098298,
        0.00020474375213128636,
        0.00020514715618530528,
        0.0002055670016835381,
        0.00020600328574360994,
        0.0002064560053702891,
        0.00020692515745550713,
        0.00020741073877838297,
        0.00020791274600524216,
        0.0002084311756896419,
        0.00020896602427239366,
        0.0002095172880815883,
        0.00021008496333261954,
        0.00021066904612821336,
        0.00021126953245844977,
        0.00021188641820079485,
        0.00021251969912012853,
        0.00021316937086876975,
        0.00021383542898651114,
        0.00021451786890064762
    ]
}