{
    "epoch": [
        1,
        2,
        3,
        4,
        5,
        6,
        7,
        8,
        9,
        10,
        11,
        12,
        13,
        14,
        15,
        16,
        17,
        18,
        19,
        20,
        21,
        22,
        23,
        24,
        25,
        26,
        27,
        28,
        29,
        30,
        31,
        32
    ],
    "train_loss": [
        1.6433697971343995,
        0.8161590100288391,
        0.5453978618621826,
        0.4094715302467346,
        0.31131485147476196,
        0.2411744352340698,
        0.18580915467739106,
        0.16193274886608125,
        0.12369596862792968,
        0.09066053012013435,
        0.07262993755340576,
        0.06476405320763588,
        0.05367779641151428,
        0.05069320412874222,
        0.04205006589889526,
        0.037659812343120574,
        0.04336493500471115,
        0.03090504869222641,
        0.029685792368650436,
        0.02187866140604019,
        0.021986939746141434,
        0.018686561596361208,
        0.021212409716844557,
        0.014150407071784138,
        0.018310943537950517,
        0.02077608516216278,
        0.019959043648838996,
        0.01873396180421114,
        0.01796510966029018,
        0.013975090107321739,
        0.014740883779525756,
        0.015852055075764655
    ],
    "train_accuracy": [
        54.38,
        72.72,
        81.14,
        86.14,
        89.84,
        91.9,
        93.66,
        94.56,
        95.98,
        97.18,
        97.56,
        97.9,
        98.4,
        98.38,
        98.7,
        98.72,
        98.74,
        99.04,
        99.06,
        99.32,
        99.32,
        99.36,
        99.28,
        99.46,
        99.36,
        99.26,
        99.2,
        99.38,
        99.48,
        99.5,
        99.5,
        99.5
    ],
    "test_loss": [
        1.1259444206953049,
        0.7557091638445854,
        0.6639420092105865,
        0.5447302460670471,
        0.5093180015683174,
        0.4913807846605778,
        0.4562205858528614,
        0.44376717507839203,
        0.4798853471875191,
        0.49189889430999756,
        0.501122236251831,
        0.5263733603060246,
        0.45252348110079765,
        0.5092815570533276,
        0.49118203669786453,
        0.5387061610817909,
        0.5571426227688789,
        0.5294404551386833,
        0.5841566324234009,
        0.573143944144249,
        0.5756399370729923,
        0.5779199227690697,
        0.6091780923306942,
        0.6215230450034142,
        0.6510112956166267,
        0.6560998521745205,
        0.7045731730759144,
        0.6912262216210365,
        0.6829942613840103,
        0.6688106879591942,
        0.7674898579716682,
        0.7761034816503525
    ],
    "test_accuracy": [
        59.6,
        72.5,
        75.7,
        80.8,
        81.7,
        84.0,
        85.0,
        84.6,
        85.6,
        85.6,
        86.4,
        86.1,
        88.6,
        87.0,
        88.1,
        86.9,
        87.0,
        88.6,
        87.7,
        86.8,
        88.4,
        88.6,
        87.9,
        87.0,
        87.8,
        87.6,
        87.6,
        88.0,
        87.4,
        88.5,
        86.6,
        87.0
    ],
    "sparsity": [
        0.0,
        0.0,
        0.0,
        0.0,
        0.0,
        0.0,
        0.0,
        0.0,
        0.0,
        0.0,
        0.0,
        0.0,
        0.0,
        0.0,
        4.594741140136438,
        4.594741140136438,
        4.594741140136438,
        4.594741140136438,
        8.693240210713235,
        8.693240210713235,
        8.693240210713235,
        8.693240210713235,
        12.323861440084855,
        12.323861440084855,
        12.323861440084855,
        12.323861440084855,
        15.51503501992752,
        15.51503501992752,
        15.51503501992752,
        15.51503501992752,
        18.294993251952185,
        18.294993251952185
    ],
    "epoch_time": [
        11.821551322937012,
        10.724462747573853,
        11.428888320922852,
        11.453155994415283,
        10.775546073913574,
        12.081912517547607,
        12.171648979187012,
        11.080686092376709,
        12.550737142562866,
        10.99051547050476,
        11.84404182434082,
        11.467391729354858,
        11.496428489685059,
        12.223984718322754,
        12.290651559829712,
        11.8087317943573,
        12.434957265853882,
        11.916651964187622,
        12.071109056472778,
        11.793668985366821,
        11.66035532951355,
        12.407603740692139,
        12.475064277648926,
        11.720144510269165,
        11.806559324264526,
        11.237272262573242,
        12.256718397140503,
        12.710406064987183,
        12.175142288208008,
        13.178367853164673,
        12.089699029922485,
        13.134791135787964
    ],
    "lr": [
        0.00020000823839055795,
        0.00020003295350567562,
        0.00020007414517567244,
        0.00020013181311775638,
        0.00020020595693601758,
        0.0002002965761214344,
        0.00020040367005187774,
        0.00020052723799211195,
        0.00020066727909380262,
        0.0002008237923955226,
        0.00020099677682275646,
        0.0002011862311879116,
        0.00020139215419031926,
        0.00020161454441625353,
        0.00020185340033893225,
        0.0002021087203185317,
        0.00020238050260219624,
        0.0002026687453240538,
        0.00020297344650522294,
        0.00020329460405383182,
        0.00020363221576502957,
        0.0002039862793210001,
        0.00020435679229098298,
        0.00020474375213128636,
        0.00020514715618530528,
        0.0002055670016835381,
        0.00020600328574360994,
        0.0002064560053702891,
        0.00020692515745550713,
        0.00020741073877838297,
        0.00020791274600524216,
        0.0002084311756896419
    ]
}