{
    "epoch": [
        1,
        2,
        3,
        4,
        5,
        6,
        7,
        8,
        9,
        10,
        11,
        12,
        13,
        14,
        15,
        16,
        17,
        18,
        19,
        20,
        21,
        22,
        23,
        24,
        25,
        26,
        27,
        28,
        29,
        30,
        31,
        32,
        33,
        34,
        35,
        36,
        37,
        38,
        39,
        40,
        41,
        42,
        43,
        44,
        45,
        46,
        47,
        48,
        49,
        50,
        51,
        52,
        53,
        54,
        55,
        56,
        57,
        58,
        59,
        60,
        61,
        62,
        63,
        64,
        65,
        66,
        67,
        68,
        69,
        70,
        71,
        72,
        73,
        74
    ],
    "train_loss": [
        18.468754223632814,
        17.97624647216797,
        17.10489521179199,
        16.418087963867187,
        15.877080136108399,
        15.54082466430664,
        15.419821862792968,
        15.067538360595703,
        14.539805709838868,
        14.385282064819336,
        14.112996279907227,
        13.60276872253418,
        13.217573611450195,
        12.925899328613282,
        12.57249252319336,
        12.304626350402833,
        12.082926742553711,
        11.756249871826173,
        11.71376195678711,
        11.500619160461426,
        11.364744844055176,
        11.197232357788087,
        10.976634503173829,
        10.846361727905274,
        10.67667996673584,
        10.546011782836914,
        10.242299255371094,
        10.098403677368164,
        9.979237860107421,
        9.629945924377441,
        9.67505565185547,
        9.577450674438477,
        9.352225694274903,
        9.110514854431152,
        9.053958084106446,
        8.997794557189941,
        8.722640202331544,
        8.72515834197998,
        8.499203063964844,
        8.575260635375976,
        8.457963793945313,
        8.193725881958008,
        7.968256646728515,
        8.030726399230957,
        7.841706418609619,
        7.64301252746582,
        7.6198793884277345,
        7.529466258239746,
        7.448180807495117,
        7.367961241912842,
        7.2256582000732426,
        7.06423106842041,
        6.888913520812988,
        6.973663926696777,
        6.75904197845459,
        6.690320834350586,
        6.649760928344727,
        6.529475296020508,
        6.511695889282227,
        6.395174807739258,
        6.30633648223877,
        6.229010772705078,
        6.141098826599121,
        6.20812654876709,
        6.071866761779785,
        5.8966080261230465,
        5.819416610717774,
        5.823421382904053,
        5.674115208435059,
        5.741577947998047,
        5.5462247741699215,
        5.512585948181153,
        5.433266310119629,
        5.406932681274414
    ],
    "train_accuracy": [
        13.38,
        18.12,
        22.88,
        25.66,
        27.2,
        29.02,
        29.86,
        31.5,
        34.3,
        35.02,
        36.38,
        39.48,
        40.82,
        40.94,
        42.04,
        43.3,
        43.18,
        44.04,
        45.2,
        45.7,
        46.76,
        46.92,
        47.0,
        48.42,
        48.26,
        49.86,
        50.22,
        52.34,
        52.28,
        53.64,
        54.2,
        53.94,
        54.96,
        55.88,
        56.34,
        56.0,
        57.7,
        58.24,
        59.04,
        58.26,
        59.44,
        60.34,
        62.04,
        61.48,
        62.96,
        63.0,
        62.68,
        64.14,
        63.48,
        63.84,
        66.32,
        65.6,
        66.84,
        65.96,
        66.88,
        67.38,
        67.86,
        68.44,
        68.38,
        69.36,
        68.84,
        69.96,
        70.0,
        70.24,
        70.18,
        71.78,
        71.28,
        72.08,
        72.44,
        72.56,
        73.12,
        72.98,
        73.88,
        73.68
    ],
    "test_loss": [
        2.3032264709472656,
        2.303932636976242,
        2.30620476603508,
        2.3128795623779297,
        2.327015310525894,
        2.3501473367214203,
        2.386269748210907,
        2.4346942603588104,
        2.5096282064914703,
        2.5487905740737915,
        2.5968872606754303,
        2.618949681520462,
        2.5326992869377136,
        2.274018406867981,
        2.1851322054862976,
        2.3237099945545197,
        2.3882993310689926,
        2.342195004224777,
        2.3401296734809875,
        2.4332829117774963,
        2.531898781657219,
        2.561848372220993,
        2.6352749466896057,
        2.7880683541297913,
        2.699037045240402,
        2.7583806812763214,
        2.7693386375904083,
        2.906274527311325,
        2.9313463270664215,
        2.6678388118743896,
        2.734700530767441,
        2.5874208509922028,
        2.882553666830063,
        2.5121251940727234,
        2.5719163864851,
        2.5758964717388153,
        2.4833069443702698,
        2.57171630859375,
        2.4006925523281097,
        2.3422051668167114,
        2.454812169075012,
        2.6126619279384613,
        2.49576498568058,
        2.363673120737076,
        2.619336873292923,
        2.635577827692032,
        2.6713429391384125,
        2.5935739874839783,
        2.4776167273521423,
        2.2798613011837006,
        2.5205439031124115,
        2.4741279780864716,
        2.342446446418762,
        2.3654712438583374,
        2.552720785140991,
        2.373453512787819,
        2.4698296636343002,
        2.3750729709863663,
        2.456819921731949,
        2.4282558411359787,
        2.376476898789406,
        2.3867901414632797,
        2.4113561511039734,
        2.1983629018068314,
        2.147482931613922,
        2.2655493766069412,
        2.2799191623926163,
        2.2935126274824142,
        2.2981618493795395,
        2.252687469124794,
        2.2830591648817062,
        2.1531583666801453,
        2.3389281928539276,
        2.364380806684494
    ],
    "test_accuracy": [
        10.0,
        10.0,
        10.0,
        10.0,
        10.0,
        10.0,
        10.0,
        10.1,
        10.2,
        9.8,
        13.0,
        14.3,
        15.1,
        23.7,
        33.9,
        37.0,
        39.5,
        42.2,
        44.3,
        44.1,
        45.2,
        45.4,
        45.8,
        45.4,
        46.3,
        47.7,
        47.6,
        48.1,
        48.1,
        50.4,
        48.7,
        50.1,
        50.0,
        52.4,
        53.1,
        53.0,
        54.3,
        54.5,
        54.4,
        56.2,
        56.2,
        55.9,
        56.5,
        57.0,
        56.6,
        54.2,
        56.3,
        57.6,
        59.7,
        59.9,
        57.5,
        57.9,
        59.2,
        58.2,
        57.4,
        59.8,
        60.5,
        57.9,
        60.0,
        61.5,
        60.8,
        62.0,
        60.9,
        61.8,
        62.8,
        62.5,
        62.6,
        60.9,
        59.9,
        62.4,
        61.9,
        62.7,
        61.7,
        62.4
    ],