{
    "accuracy": {
        "top1_acc": 88.5,
        "top5_acc": 99.2
    },
    "per_class_accuracy": {
        "clock": 97.0,
        "keyboard": 91.0,
        "lamp": 93.0,
        "telephone": 77.0,
        "television": 94.0,
        "bed": 88.0,
        "chair": 89.0,
        "couch": 73.0,
        "table": 88.0,
        "wardrobe": 95.0
    },
    "timing": {
        "cpu": {
            "total_time_ms": 589.1845226287842,
            "avg_time_ms": 5.891845226287842,
            "fps": 169.72611492546795
        },
        "cuda": {
            "total_time_ms": 406.0626029968262,
            "avg_time_ms": 4.060626029968262,
            "fps": 246.26744561547721
        }
    },
    "size": {
        "total_params": 1528106,
        "trainable_params": 1528106,
        "model_size_bytes": 6249733,
        "model_size_mb": 5.960209846496582
    },
    "memory": {
        "peak_memory_mb": 48.5908203125,
        "allocated_memory_mb": 46.10302734375
    }
}