{
    "epoch": [
        1,
        2,
        3,
        4,
        5,
        6,
        7,
        8,
        9,
        10,
        11,
        12,
        13,
        14,
        15,
        16
    ],
    "train_loss": [
        1.5960462951660157,
        0.7606480016708373,
        0.5230628372192383,
        0.38742212162017825,
        0.30169760437011717,
        0.2464094365119934,
        0.22657166805267334,
        0.17876960567831993,
        0.1408374077320099,
        0.1107770359992981,
        0.10924880428314208,
        0.12425085453987121,
        0.09859197425842285,
        0.08840518941879272,
        0.07233782091140747,
        0.07778308515548706
    ],
    "train_accuracy": [
        52.7,
        74.58,
        81.82,
        86.44,
        90.0,
        91.68,
        92.16,
        94.24,
        95.52,
        96.48,
        96.8,
        95.84,
        96.78,
        96.98,
        97.4,
        97.22
    ],
    "test_loss": [
        1.072182945907116,
        0.7609092220664024,
        0.6288922168314457,
        0.5764931365847588,
        0.5655636563897133,
        0.4996044561266899,
        0.4798092283308506,
        0.513669416308403,
        0.42352693527936935,
        0.42763474956154823,
        0.47213850915431976,
        0.4295089952647686,
        0.45956140011548996,
        0.43792711570858955,
        0.4714018292725086,
        0.47863156348466873
    ],
    "test_accuracy": [
        64.7,
        74.6,
        79.0,
        79.3,
        80.2,
        83.0,
        84.0,
        83.6,
        86.6,
        85.9,
        85.9,
        87.8,
        87.8,
        87.0,
        87.1,
        87.7
    ],
    "epoch_time": [
        15.308319568634033,
        13.578064918518066,
        13.535197257995605,
        13.637825727462769,
        13.373794317245483,
        13.641254425048828,
        13.122087001800537,
        13.028742551803589,
        12.771220207214355,
        13.003941535949707,
        13.090852499008179,
        13.271825790405273,
        13.073248386383057,
        13.122603178024292,
        13.098268985748291,
        13.13975191116333
    ],
    "lr": [
        0.00020003300854270958,
        0.0002001320332628686,
        0.00020029707143659307,
        0.00020052811852415853,
        0.0002008251681701245,
        0.00020118821220351055,
        0.00020161724063802195,
        0.00020211224167232273,
        0.00020267320169036016,
        0.0002033001052617403,
        0.000203992935142153,
        0.00020475167227384204,
        0.00020557629578613762,
        0.0002064667829960211,
        0.00020742310940875548,
        0.00020844524871855598
    ]
}