{
    "epoch": [
        1,
        2,
        3,
        4,
        5,
        6,
        7,
        8,
        9,
        10,
        11,
        12,
        13,
        14,
        15,
        16,
        17,
        18,
        19,
        20,
        21,
        22,
        23,
        24,
        25,
        26,
        27,
        28,
        29,
        30,
        31,
        32,
        33
    ],
    "train_loss": [
        1.5960462951660157,
        0.76060913772583,
        0.5275024507522583,
        0.39039950857162475,
        0.3030436245918274,
        0.24483435163497924,
        0.22146596660614012,
        0.17968362023830414,
        0.14064385027885437,
        0.10793672733306885,
        0.10745607833862304,
        0.1189239849805832,
        0.09358995943069458,
        0.08169541430473327,
        0.06796590766906738,
        0.07640431461334228,
        0.06760864667892456,
        0.055100404089689255,
        0.04003220558166504,
        0.04168844056129455,
        0.06308665871620178,
        0.057665948033332824,
        0.04187866251468658,
        0.06044376666545868,
        0.037842294430732726,
        0.03175056413114071,
        0.02811305216550827,
        0.08037448213100433,
        0.08085679886341095,
        0.04638199825286865,
        0.10638577587604522,
        0.06277686330676079,
        0.03615239280462265
    ],
    "train_accuracy": [
        52.7,
        74.52,
        81.84,
        86.24,
        89.8,
        91.92,
        92.3,
        94.04,
        95.6,
        96.6,
        96.56,
        95.92,
        97.1,
        97.28,
        97.8,
        97.52,
        97.58,
        98.38,
        98.66,
        98.72,
        97.92,
        98.14,
        98.66,
        97.88,
        98.8,
        98.98,
        99.22,
        97.56,
        97.18,
        98.44,
        96.92,
        97.88,
        98.84
    ],
    "test_loss": [
        1.072182945907116,
        0.7579575106501579,
        0.6304687932133675,
        0.562743067741394,
        0.5438825562596321,
        0.4639323055744171,
        0.4670799747109413,
        0.46548395976424217,
        0.40673739463090897,
        0.4092145003378391,
        0.43859971314668655,
        0.4314337894320488,
        0.43042116984725,
        0.41507186368107796,
        0.49818963930010796,
        0.5079587884247303,
        0.4596809335052967,
        0.4703845791518688,
        0.474258229136467,
        0.4847612641751766,
        0.6616674810647964,
        0.5677081309258938,
        0.5512492768466473,
        0.590379860252142,
        0.592493437230587,
        0.5952038988471031,
        0.6302286125719547,
        0.7507210895419121,
        0.6099894717335701,
        0.5746784247457981,
        0.721632830798626,
        0.6496852934360504,
        0.5472988225519657
    ],
    "test_accuracy": [
        64.7,
        74.8,
        79.6,
        80.5,
        81.2,
        84.1,
        84.8,
        86.2,
        86.6,
        86.3,
        86.2,
        87.9,
        87.8,
        88.1,
        86.1,
        87.8,
        87.6,
        88.1,
        88.5,
        87.9,
        86.3,
        86.0,
        87.6,
        86.2,
        87.4,
        87.1,
        86.7,
        84.4,
        87.0,
        87.6,
        85.4,
        86.3,
        87.5
    ],
    "epoch_time": [
        13.881585597991943,
        13.596564054489136,
        13.110215187072754,
        12.215035915374756,
        12.706789255142212,
        12.411201477050781,
        13.248939752578735,
        13.269589185714722,
        12.86034369468689,
        13.280402421951294,
        13.023713827133179,
        13.219051122665405,
        12.508538007736206,
        13.973942279815674,
        13.28135085105896,
        11.502099514007568,
        12.426864385604858,
        11.664210796356201,
        12.217681407928467,
        12.525283098220825,
        11.665493488311768,
        12.222596406936646,
        12.25216031074524,
        12.234915018081665,
        12.288735628128052,
        11.607812643051147,
        13.756892204284668,
        13.347531080245972,
        11.53012228012085,
        11.960917472839355,
        11.484467267990112,
        12.86948537826538,
        13.214701890945435
    ],
    "lr": [
        0.00020000823839055795,
        0.00020003295350567562,
        0.00020007414517567244,
        0.00020013181311775638,
        0.00020020595693601758,
        0.0002002965761214344,
        0.00020040367005187774,
        0.00020052723799211195,
        0.00020066727909380262,
        0.0002008237923955226,
        0.00020099677682275646,
        0.0002011862311879116,
        0.00020139215419031926,
        0.00020161454441625353,
        0.00020185340033893225,
        0.0002021087203185317,
        0.00020238050260219624,
        0.0002026687453240538,
        0.00020297344650522294,
        0.00020329460405383182,
        0.00020363221576502957,
        0.0002039862793210001,
        0.00020435679229098298,
        0.00020474375213128636,
        0.00020514715618530528,
        0.0002055670016835381,
        0.00020600328574360994,
        0.0002064560053702891,
        0.00020692515745550713,
        0.00020741073877838297,
        0.00020791274600524216,
        0.0002084311756896419,
        0.00020896602427239366
    ]
}