{
    "baseline": {
        "accuracy": {
            "top1_acc": 88.4,
            "top5_acc": 99.2
        },
        "per_class_accuracy": {
            "clock": 97.0,
            "keyboard": 91.0,
            "lamp": 93.0,
            "telephone": 76.0,
            "television": 94.0,
            "bed": 88.0,
            "chair": 89.0,
            "couch": 73.0,
            "table": 88.0,
            "wardrobe": 95.0
        },
        "timing": {
            "cpu": {
                "total_time_ms": 666.6240692138672,
                "avg_time_ms": 6.666240692138672,
                "fps": 150.00958503932728
            },
            "cuda": {
                "total_time_ms": 507.42030143737793,
                "avg_time_ms": 5.074203014373779,
                "fps": 197.07528397411048
            }
        },
        "size": {
            "total_params": 1528106,
            "trainable_params": 1528106,
            "model_size_bytes": 6246341,
            "model_size_mb": 5.956974983215332
        },
        "memory": {
            "peak_memory_mb": null,
            "allocated_memory_mb": null
        }
    },
    "optimized": {
        "accuracy": {
            "top1_acc": 48.4,
            "top5_acc": 89.1
        },
        "per_class_accuracy": {
            "clock": 55.0,
            "keyboard": 67.0,
            "lamp": 48.0,
            "telephone": 49.0,
            "television": 41.0,
            "bed": 25.0,
            "chair": 75.0,
            "couch": 30.0,
            "table": 25.0,
            "wardrobe": 74.0
        },
        "timing": {
            "cpu": {
                "total_time_ms": 14445.21427154541,
                "avg_time_ms": 144.4521427154541,
                "fps": 6.922707972354749
            },
            "cuda": {}
        },
        "size": {
            "total_params": 40,
            "trainable_params": 40,
            "model_size_bytes": 1656953,
            "model_size_mb": 1.5801935195922852
        },
        "memory": {
            "peak_memory_mb": null,
            "allocated_memory_mb": null
        }
    },
    "improvements": {
        "size_reduction": 0.7347322216318322,
        "params_reduction": 0.9999738238054167,
        "inference": {
            "cpu": {
                "speedup": 0.04614843758510402,
                "reduction": -20.669205986786952
            }
        },
        "accuracy_change": -0.4000000000000001,
        "memory_reduction": null
    }
}