{
    "epoch": [
        1,
        2,
        3,
        4,
        5,
        6,
        7,
        8,
        9,
        10,
        11,
        12,
        13,
        14,
        15,
        16,
        17,
        18,
        19,
        20,
        21,
        22,
        23,
        24,
        25,
        26,
        27,
        28,
        29,
        30,
        31,
        32,
        33,
        34,
        35,
        36,
        37,
        38,
        39,
        40,
        41,
        42,
        43,
        44,
        45,
        46,
        47,
        48,
        49,
        50,
        51,
        52,
        53,
        54,
        55,
        56,
        57,
        58,
        59,
        60,
        61,
        62,
        63,
        64,
        65,
        66,
        67,
        68,
        69,
        70,
        71,
        72,
        73,
        74,
        75,
        76,
        77,
        78,
        79,
        80,
        81,
        82,
        83,
        84,
        85,
        86,
        87,
        88,
        89,
        90,
        91,
        92,
        93,
        94,
        95,
        96,
        97,
        98,
        99,
        100
    ],
    "train_loss": [
        1.6141476169586182,
        0.813104115486145,
        0.5616484185218811,
        0.4256590608596802,
        0.3438641222000122,
        0.26247235898971555,
        0.2152707173347473,
        0.18122760906219482,
        0.14801537284851074,
        0.11372799005508423,
        2.076022727203369,
        1.5518034755706787,
        1.5246647603988648,
        1.584909755706787,
        1.5813553031921386,
        1.4403076387405396,
        2.3638532569885253,
        2.307288850402832,
        2.305205488586426,
        2.3098682205200194,
        2.304557816314697,
        2.304963449859619,
        2.283946862792969,
        2.2645167095184324,
        2.2226929489135743,
        2.219328282928467,
        2.18054425201416,
        2.170454846191406,
        2.1600347408294676,
        2.147041342163086,
        2.1416687324523926,
        2.1299462352752685,
        2.123200343322754,
        2.13331435585022,
        2.1325354740142823,
        2.1374220737457277,
        2.1329126287460327,
        2.1068686225891113,
        2.0859763553619386,
        2.0644966621398924,
        2.07345435256958,
        2.06267822265625,
        2.0121557052612307,
        2.0234243282318114,
        1.9914016479492187,
        2.0478884216308595,
        2.0462786140441893,
        2.015919208145142,
        2.0656673797607423,
        1.9829336900711059,
        1.986162515258789,
        2.0373291648864744,
        1.9817056186676025,
        1.9654259572982788,
        1.9378996910095214,
        2.004645428276062,
        1.9573837242126464,
        1.9540381679534913,
        1.96824937210083,
        1.9354221370697022,
        1.8932155193328857,
        1.8625423286437988,
        1.8649292850494386,
        1.8475314125061035,
        1.8871658424377442,
        1.8257495018005372,
        1.8319251438140869,
        1.8372765380859375,
        1.7955029088974,
        1.7858193798065185,
        1.767887413597107,
        1.7515762674331665,
        1.7447987617492675,
        1.7163189781188966,
        1.7223908275604247,
        1.7923735816955566,
        1.7241561849594116,
        1.6996068939208984,
        1.6790515117645264,
        1.6841744520187378,
        1.6499439083099365,
        1.6390420539855957,
        1.6374512840270996,
        1.6451837608337403,
        1.6417882194519042,
        1.6093470333099364,
        1.5798915405273437,
        1.556663572883606,
        1.542374200820923,
        1.5533020259857178,
        1.5617655727386475,
        1.5259835445404053,
        1.5071424057006837,
        1.477173908996582,
        1.4722831779479981,
        1.4577320957183837,
        1.4388351047515868,
        1.4710113904953004,
        1.4111490589141846,
        1.4103249717712403
    ],
    "train_accuracy": [
        51.66,
        72.9,
        80.96,
        85.54,
        88.26,
        91.02,
        93.1,
        93.82,
        95.0,
        96.5,
        37.56,
        45.98,
        47.26,
        45.4,
        45.34,
        50.54,
        10.06,
        10.56,
        11.06,
        9.82,
        10.82,
        10.22,
        12.9,
        13.0,
        15.52,
        16.66,
        18.7,
        19.5,
        19.88,
        19.88,
        19.82,
        21.42,
        21.8,
        21.36,
        21.22,
        20.42,
        22.38,
        22.68,
        24.18,
        25.4,
        25.5,
        25.94,
        27.52,
        27.1,
        27.82,
        26.28,
        26.32,
        26.12,
        24.36,
        28.52,
        28.22,
        25.58,
        27.92,
        29.32,
        30.24,
        27.72,
        29.72,
        29.52,
        29.08,
        30.26,
        32.72,
        33.48,
        33.36,
        34.18,
        31.72,
        34.38,
        35.04,
        34.52,
        35.44,
        36.52,
        36.38,
        38.24,
        37.72,
        39.34,
        39.44,
        36.48,
        39.34,
        40.02,
        40.36,
        41.56,
        41.16,
        41.9,
        42.48,
        42.0,
        41.62,
        43.28,
        44.08,
        44.98,
        45.44,
        45.68,
        44.84,
        46.12,
        47.18,
        48.14,
        48.7,
        49.1,
        49.46,
        48.72,
        50.16,
        50.66
    ],