{
    "epoch": [
        1,
        2,
        3,
        4,
        5,
        6,
        7,
        8,
        9,
        10,
        11,
        12,
        13,
        14,
        15,
        16,
        17,
        18,
        19,
        20,
        21,
        22,
        23,
        24,
        25,
        26,
        27,
        28,
        29,
        30,
        31,
        32,
        33,
        34,
        35,
        36,
        37,
        38,
        39,
        40,
        41,
        42,
        43,
        44,
        45,
        46,
        47,
        48,
        49,
        50,
        51,
        52,
        53,
        54,
        55,
        56,
        57,
        58,
        59,
        60,
        61,
        62,
        63,
        64,
        65,
        66,
        67,
        68,
        69,
        70,
        71,
        72,
        73,
        74,
        75,
        76,
        77,
        78,
        79,
        80,
        81,
        82,
        83,
        84,
        85,
        86,
        87,
        88,
        89,
        90,
        91,
        92,
        93,
        94,
        95,
        96
    ],
    "train_loss": [
        14.619547253417968,
        13.797020018005371,
        13.05341170349121,
        12.688608488464356,
        12.256068460083007,
        12.102519290161133,
        11.841884271240234,
        11.659077508544922,
        11.307740832519531,
        11.01340266571045,
        10.707729244995118,
        10.4011275390625,
        9.995815951538086,
        9.896216549682617,
        9.54950863647461,
        9.243217424011231,
        9.120556842041015,
        8.868492890930176,
        8.71459234161377,
        8.594711149597169,
        8.378882482147217,
        8.188486865234376,
        8.093426104736329,
        7.822620835876465,
        7.602343302917481,
        7.395767364501953,
        7.342263632202148,
        7.180873637390136,
        7.059940440368653,
        6.928211579895019,
        6.8202010360717775,
        6.72341262512207,
        6.541793934631348,
        6.471030351257324,
        6.307342030334473,
        6.232233648681641,
        6.066776972961426,
        6.0618513977050785,
        5.961875146484375,
        5.7424215362548825,
        5.775803761291504,
        5.601143252563476,
        5.466347579956055,
        5.536260572052002,
        5.332314128112793,
        5.23471395111084,
        5.294235009002685,
        5.096928247070313,
        5.0876896217346195,
        5.03952725982666,
        4.915966093444824,
        4.746983541870117,
        4.754706213378906,
        4.679554100036621,
        4.64727540435791,
        4.494832162475586,
        4.489245669555664,
        4.37479479598999,
        4.337132727050781,
        4.2179770721435546,
        4.164433219909668,
        4.091320429992676,
        4.027964140319824,
        4.060947205352783,
        3.9351971908569334,
        3.9242092140197755,
        3.817113747406006,
        3.8013771408081056,
        3.8072951583862307,
        3.6244072998046875,
        3.6649475631713866,
        3.5636584449768067,
        3.4211189334869383,
        3.495374069213867,
        3.460684390258789,
        3.4190325897216796,
        3.2966447265625,
        3.2286563171386717,
        3.2206972518920898,
        3.282564469909668,
        3.1642475982666016,
        3.112550855255127,
        3.033089929199219,
        3.0404374351501464,
        2.9607249633789063,
        2.996034785461426,
        2.927108053588867,
        2.9378831703186035,
        2.9348155502319337,
        2.8822809509277345,
        2.7713316299438477,
        2.770802660369873,
        2.7452365661621094,
        2.7184635734558107,
        2.659899597930908,
        2.713704666137695
    ],
    "train_accuracy": [
        14.84,
        22.04,
        25.24,
        27.64,
        29.3,
        29.94,
        32.28,
        33.84,
        34.86,
        37.02,
        38.58,
        40.58,
        42.02,
        42.74,
        44.86,
        45.52,
        47.0,
        47.52,
        49.36,
        49.7,
        50.46,
        52.88,
        52.44,
        54.2,
        54.9,
        56.16,
        57.2,
        57.38,
        58.12,
        58.42,
        59.68,
        60.46,
        60.12,
        61.12,
        62.12,
        62.52,
        63.5,
        63.34,
        64.06,
        66.24,
        65.84,
        66.32,
        66.5,
        66.86,
        67.72,
        68.86,
        68.14,
        69.76,
        69.38,
        70.32,
        70.36,
        72.2,
        71.34,
        71.64,
        72.5,
        72.7,
        72.68,
        74.42,
        73.96,
        74.3,
        74.86,
        75.76,
        75.96,
        76.36,
        77.34,
        76.54,
        77.52,
        77.78,
        77.9,
        78.78,
        78.88,
        79.12,
        79.8,
        79.6,
        79.56,
        80.18,
        81.16,
        81.2,
        81.54,
        80.8,
        82.28,
        82.26,
        83.02,
        82.58,
        83.3,
        83.34,
        83.14,
        83.26,
        83.64,
        83.4,
        84.34,
        84.84,
        84.52,
        84.78,
        85.2,
        84.88
    ],
    "test_loss": [
        2.303562253713608,
        2.307571440935135,
        2.3119266629219055,
        2.318574219942093,
        2.333180159330368,
        2.3570364713668823,
        2.4062640964984894,
        2.4879293739795685,
        2.621061384677887,
        2.747319608926773,
        2.924644351005554,
        3.225792169570923,
        3.3373602628707886,
        3.5632762610912323,
        3.6877985298633575,
        2.7456326484680176,
        2.407344490289688,
        2.3431617319583893,
        1.8655910342931747,
        1.9494534730911255,
        1.8508797883987427,
        2.0554484874010086,
        1.9470219612121582,
        2.052412301301956,
        2.193741649389267,
        2.081584185361862,
        1.8967831134796143,
        2.0309869945049286,
        2.2070175409317017,
        2.092867895960808,
        1.9952093064785004,
        2.0654798597097397,
        2.1407834887504578,
        2.1386836618185043,
        1.943592980504036,
        2.0026267021894455,
        1.9751851558685303,
        2.0513625890016556,
        2.050884798169136,
        2.013356938958168,
        2.0352220088243484,
        2.0305757969617844,
        1.9617087244987488,
        1.950939655303955,
        1.9783328473567963,
        1.928526610136032,
        1.970439225435257,
        1.891793131828308,
        1.9608817845582962,
        1.9046670794487,
        1.9801346361637115,
        1.939537152647972,
        1.920984223484993,
        1.9591596275568008,
        1.9124867618083954,
        1.9645394831895828,
        2.013436406850815,
        2.012295052409172,
        2.0802950114011765,
        1.9598107784986496,
        1.9871751964092255,
        1.9516630470752716,
        1.9088923186063766,
        2.019352987408638,
        2.008385717868805,
        1.915640339255333,
        1.9381475746631622,
        1.9967427998781204,
        1.8777306079864502,
        1.9182783961296082,
        1.9120401591062546,
        1.947080284357071,
        1.9788527190685272,
        1.8402711004018784,
        1.9640984237194061,
        1.8808835744857788,
        1.9976520836353302,
        1.9199127405881882,
        2.0527791380882263,
        1.9536515772342682,
        1.9932782649993896,
        1.9024320095777512,
        1.968760371208191,
        1.9104975461959839,
        1.881699338555336,
        1.9817560613155365,
        1.8893917500972748,
        1.9001863896846771,
        1.9305482804775238,
        1.8492582887411118,
        1.8360774517059326,
        1.906802162528038,
        1.9211173355579376,
        1.902040645480156,
        1.9711695313453674,
        1.8548780232667923
    ],